actual,proposed
0.0,0.0
0.0,0.0
0.0,0.0
0.0,0.0
0.0,0.0
0.0,0.0
0.0,0.0
0.0,0.0
0.0,0.0
0.0,0.0
0.0,0.0
0.0,0.0
0.0,0.0
0.0,0.0
0.0,0.0
0.0,0.0
0.0,0.0
0.0,0.0
0.0,0.0
0.0,0.0
0.0,0.0
0.0,0.0
0.0,0.0
0.0,0.0
0.0,0.0
0.0,0.0
0.0,0.0
0.0,0.0
0.0,0.0
0.0,0.0
0.0,0.0
0.0,0.0
0.0,0.0
0.0,0.0
0.0,9.011155128479004
0.0,4.642128944396973
0.0,0.31476378440856934
0.0,3.9766557216644287
0.0,8.10015869140625
0.0,12.261088371276855
0.0,16.270414352416992
0.0,20.002538681030273
188.84799194335938,23.700965881347656
205.9004364013672,27.178550720214844
219.5424041748047,30.35105323791504
236.59483337402344,33.48072814941406
250.2367401123047,36.411293029785156
263.87872314453125,39.126163482666016
277.5206298828125,41.7080078125
291.16259765625,44.26799011230469
301.39404296875,46.58402633666992
304.80450439453125,48.394718170166016
304.80450439453125,49.66582489013672
301.39404296875,50.38812255859375
301.39404296875,50.73051452636719
301.39404296875,50.95029830932617
301.39404296875,51.0825080871582
301.39404296875,51.16455078125
297.9835205078125,51.05026626586914
297.9835205078125,50.91690444946289
294.57305908203125,50.66111373901367
287.7520751953125,50.143009185791016
284.34161376953125,49.60836410522461
274.11016845703125,48.724308013916016
263.87872314453125,47.76789855957031
0.0,46.582733154296875
0.0,26.423311233520508
0.0,11.354602813720703
0.0,0.08049061894416809
0.0,8.313806533813477
0.0,0.0
0.0,0.0
0.0,0.0
0.0,0.0
0.0,0.0
0.0,0.0
0.0,0.0
0.0,0.0
0.0,0.0
0.0,0.0
0.0,0.0
0.0,0.0
0.0,0.0
0.0,0.0
0.0,0.0
0.0,0.0
0.0,0.0
0.0,0.0
0.0,0.0
0.0,0.0
0.0,0.0
0.0,0.0
0.0,0.0
0.0,0.0
0.0,0.0
0.0,0.0
0.0,0.0
0.0,0.0
0.0,0.0
0.0,0.0
0.0,0.0
0.0,0.0
0.0,0.0
0.0,0.0
0.0,9.275580406188965
0.0,4.788132190704346
0.0,0.7308160066604614
0.0,6.043227672576904
0.0,11.394608497619629
0.0,16.76495361328125
193.2340545654297,21.468978881835938
237.5703582763672,27.070554733276367
268.26470947265625,32.54022216796875
295.54864501953125,37.81707763671875
322.83245849609375,42.959617614746094
346.70587158203125,47.851844787597656
370.5793151855469,52.56916046142578
394.4527282714844,57.22770309448242
404.6841735839844,61.099674224853516
408.0946960449219,64.08440399169922
418.3261413574219,66.4775161743164
435.3785095214844,68.99871063232422
438.7890319824219,70.9745864868164
442.1995544433594,72.5462646484375
452.4309997558594,74.14427947998047
459.2519226074219,75.60871887207031
469.4833679199219,77.1416244506836
472.8938903808594,78.55155944824219
469.4833679199219,79.3668212890625
466.0728454589844,79.7513427734375
0.0,79.67117309570312
0.0,59.56194305419922
0.0,44.6925163269043
0.0,33.69650650024414
0.0,25.476680755615234
0.0,19.276506423950195
0.0,14.518852233886719
0.0,10.634230613708496
0.0,7.29583215713501
0.0,4.4310808181762695
0.0,1.904286503791809
0.0,0.38147085905075073
0.0,2.337510585784912
0.0,3.754427671432495
0.0,5.076686859130859
0.0,6.334444999694824
0.0,7.546364784240723
0.0,8.725790977478027
0.0,9.968446731567383
0.0,11.18681812286377
0.0,12.220938682556152
0.0,0.0
0.0,0.0
0.0,0.0
0.0,0.0
0.0,0.0
0.0,0.0
0.0,0.0
0.0,0.0
0.0,0.0
0.0,0.0
0.0,0.0
0.0,0.0
0.0,0.0
0.0,12.780649185180664
0.0,12.00327205657959
0.0,11.523111343383789
0.0,10.840516090393066
0.0,10.171982765197754
0.0,9.468701362609863
0.0,8.85555648803711
0.0,8.115320205688477
0.0,7.419334888458252
0.0,6.597620010375977
0.0,5.843475341796875
0.0,5.056563377380371
0.0,0.0
0.0,0.0
0.0,0.0
0.0,0.0
0.0,0.0
0.0,0.0
0.0,0.0
0.0,0.0
0.0,0.0
0.0,0.0
0.0,0.0
0.0,0.0
0.0,0.0
0.0,0.0
0.0,0.0
0.0,0.0
0.0,0.0
0.0,0.0
0.0,0.0
0.0,0.0
0.0,0.0
0.0,0.0
0.0,0.0
0.0,0.0
0.0,0.0
0.0,0.0
0.0,0.0
0.0,0.0
0.0,0.0
0.0,0.0
0.0,11.791111946105957
0.0,7.416165351867676
0.0,2.76371431350708
0.0,2.0937576293945312
0.0,6.950377464294434
0.0,11.160479545593262
0.0,15.21728229522705
0.0,19.33723258972168
206.4216766357422,23.512683868408203
230.29510498046875,27.741609573364258
254.16851806640625,31.945697784423828
271.22088623046875,35.865474700927734
291.68377685546875,39.77518844604492
308.73626708984375,43.49047088623047
0.0,46.12856674194336
0.0,29.20999526977539
0.0,17.694704055786133
0.0,9.504077911376953
0.0,3.8534350395202637
0.0,0.0126495948061347
0.0,2.790468454360962
0.0,4.708926677703857
0.0,5.74595832824707
0.0,6.300329685211182
0.0,6.512810707092285
0.0,6.661683559417725
0.0,7.240314483642578
0.0,8.058737754821777
0.0,8.809287071228027
0.0,9.328453063964844
0.0,9.512895584106445
0.0,9.928619384765625
0.0,10.212051391601562
0.0,10.22802448272705
0.0,10.202719688415527
0.0,9.957405090332031
0.0,9.38548469543457
0.0,8.884955406188965
0.0,8.13486099243164
0.0,7.566712856292725
0.0,6.932705879211426
0.0,6.269546985626221
0.0,5.544609546661377
0.0,4.487415790557861
0.0,3.3708250522613525
0.0,0.0
0.0,0.0
0.0,0.0
0.0,0.0
0.0,0.0
0.0,0.0
0.0,0.0
0.0,0.0
0.0,0.0
0.0,0.0
0.0,0.0
0.0,0.0
0.0,0.0
0.0,0.0
0.0,0.0
0.0,0.0
0.0,0.0
0.0,0.0
0.0,0.0
0.0,0.0
0.0,0.0
0.0,0.0
0.0,0.0
0.0,0.0
0.0,0.0
0.0,0.0
0.0,0.0
0.0,0.0
0.0,0.0
0.0,0.0
0.0,0.0
0.0,0.0
0.0,0.0
0.0,0.0
0.0,0.0
0.0,0.0
0.0,0.0
0.0,0.0
0.0,0.0
0.0,0.0
0.0,0.0
0.0,0.0
0.0,0.0
0.0,0.0
0.0,0.0
0.0,0.0
0.0,0.0
0.0,0.0
0.0,0.0
0.0,0.0
0.0,0.0
0.0,0.0
0.0,0.0
0.0,0.0
0.0,0.0
0.0,0.0
0.0,0.0
0.0,0.0
0.0,0.0
0.0,0.0
0.0,0.0
0.0,0.0
0.0,10.90218448638916
0.0,9.313068389892578
0.0,7.661026954650879
0.0,6.6866607666015625
0.0,5.771631240844727
0.0,4.694784641265869
0.0,3.01633620262146
0.0,1.2607675790786743
0.0,3.047537326812744
0.0,4.360538482666016
0.0,4.83899450302124
0.0,4.757638931274414
0.0,4.0548624992370605
0.0,5.436776161193848
0.0,6.000858306884766
0.0,5.741627216339111
0.0,5.147833347320557
0.0,4.22198486328125
0.0,2.855637311935425
0.0,3.550027370452881
0.0,3.3966610431671143
0.0,2.7299742698669434
0.0,1.4026044607162476
0.0,0.03029160015285015
0.0,0.9005707502365112
0.0,0.9557493925094604
0.0,0.4915813207626343
0.0,0.2365744709968567
0.0,1.2290955781936646
0.0,2.079498291015625
0.0,3.751218557357788
0.0,4.394978046417236
0.0,4.160730838775635
0.0,3.6425702571868896
0.0,2.701817750930786
0.0,5.658993721008301
0.0,7.237161636352539
0.0,7.451273441314697
0.0,6.81085205078125
0.0,5.357536315917969
0.0,5.435196399688721
0.0,4.5562849044799805
0.0,2.9913549423217773
0.0,1.4031131267547607
0.0,0.5467437505722046
0.0,0.9431979656219482
0.0,1.447417140007019
0.0,1.1443759202957153
0.0,0.34194448590278625
0.0,0.6350764632225037
0.0,0.46377262473106384
0.0,0.4792846441268921
0.0,0.13813896477222443
0.0,1.2873525619506836
0.0,2.8768258094787598
0.0,3.029085636138916
0.0,3.583691358566284
0.0,4.324972152709961
0.0,5.6337809562683105
0.0,7.144806385040283
0.0,8.781265258789062
0.0,8.873490333557129
0.0,9.252619743347168
0.0,9.796393394470215
0.0,10.47734546661377
0.0,11.442995071411133
0.0,11.6738862991333
0.0,12.278820991516113
0.0,12.943732261657715
0.0,13.611076354980469
0.0,14.408180236816406
0.0,13.743900299072266
0.0,13.697644233703613
0.0,13.925934791564941
0.0,14.350544929504395
0.0,14.787613868713379
0.0,13.542624473571777
0.0,12.996389389038086
0.0,12.969855308532715
0.0,13.294724464416504
0.0,13.891242980957031
0.0,14.682229042053223
0.0,14.389347076416016
0.0,14.575994491577148
0.0,15.014106750488281
0.0,15.4330472946167
0.0,16.08818817138672
0.0,12.924142837524414
0.0,10.61301040649414
0.0,9.041532516479492
0.0,7.936943054199219
0.0,7.005620002746582
0.0,1.4495075941085815
0.0,2.1928582191467285
0.0,4.245571136474609
0.0,5.384226322174072
0.0,5.504244327545166
0.0,5.077734470367432
0.0,7.173207759857178
0.0,7.887651443481445
0.0,7.26500129699707
0.0,6.782106876373291
0.0,5.89663028717041
0.0,7.833087921142578
0.0,8.338923454284668
0.0,8.665401458740234
0.0,8.2025785446167
0.0,7.2877726554870605
0.0,10.017807006835938
0.0,11.521912574768066
0.0,11.683405876159668
0.0,11.280336380004883
0.0,10.380301475524902
0.0,0.0
0.0,0.0
0.0,0.0
0.0,0.0
0.0,0.0
0.0,0.0
0.0,0.0
0.0,0.0
0.0,0.0
0.0,0.0
0.0,0.0
0.0,0.0
0.0,0.0
0.0,0.0
0.0,0.0
0.0,0.0
0.0,0.0
0.0,0.0
0.0,0.0
0.0,0.0
0.0,0.0
0.0,0.0
0.0,0.0
0.0,0.0
0.0,0.0
0.0,0.0
0.0,0.0
0.0,0.0
0.0,0.0
0.0,0.0
0.0,0.0
0.0,0.0
0.0,0.0
0.0,0.0
0.0,0.0
0.0,0.0
0.0,12.625457763671875
0.0,0.0
0.0,0.0
0.0,0.0
0.0,12.012103080749512
0.0,11.7811279296875
0.0,11.205415725708008
0.0,10.918536186218262
0.0,10.621882438659668
0.0,10.22169017791748
0.0,9.384812355041504
0.0,9.09616756439209
0.0,8.991320610046387
0.0,9.642382621765137
0.0,10.273911476135254
0.0,10.747544288635254
0.0,10.869929313659668
0.0,11.465209007263184
0.0,11.893125534057617
0.0,12.20174503326416
0.0,11.625448226928711
0.0,11.316139221191406
0.0,12.212503433227539
0.0,12.439087867736816
0.0,12.433531761169434
0.0,12.529081344604492
0.0,12.259235382080078
0.0,0.0
0.0,0.0
0.0,12.618268013000488
0.0,12.07144832611084
0.0,11.322261810302734
0.0,9.773816108703613
0.0,8.115360260009766
0.0,6.64555025100708
0.0,4.940503120422363
0.0,2.8244612216949463
0.0,0.9049098491668701
0.0,0.4108858108520508
0.0,0.2819133996963501
0.0,1.0925673246383667
0.0,1.9878495931625366
0.0,3.263688325881958
0.0,4.372035503387451
0.0,5.917628288269043
0.0,7.8026909828186035
0.0,9.957672119140625
0.0,11.815398216247559
0.0,13.225993156433105
0.0,15.031768798828125
0.0,16.44793128967285
0.0,18.312835693359375
0.0,19.94367027282715
0.0,18.678882598876953
0.0,18.26555633544922
0.0,18.40925407409668
0.0,18.625370025634766
0.0,18.725549697875977
0.0,19.09711265563965
0.0,17.994712829589844
0.0,17.233320236206055
0.0,16.441455841064453
0.0,16.009384155273438
0.0,15.452686309814453
0.0,15.899723052978516
0.0,16.21903419494629
0.0,16.447114944458008
0.0,16.91019630432129
0.0,17.160228729248047
0.0,18.499637603759766
0.0,19.376588821411133
0.0,19.780847549438477
0.0,20.475788116455078
0.0,21.166751861572266
0.0,20.73758316040039
0.0,21.005922317504883
0.0,21.010316848754883
0.0,21.314050674438477
0.0,21.450496673583984
0.0,21.299699783325195
0.0,19.016677856445312
0.0,17.220293045043945
0.0,16.320499420166016
0.0,15.568947792053223
0.0,15.032125473022461
0.0,16.026647567749023
0.0,16.821813583374023
0.0,16.73271369934082
0.0,16.335948944091797
0.0,16.268531799316406
0.0,14.801742553710938
0.0,13.61477279663086
0.0,12.6015625
0.0,12.26162338256836
0.0,11.909605979919434
0.0,11.132946968078613
0.0,10.138496398925781
0.0,9.6471586227417
0.0,9.02159595489502
0.0,8.16097640991211
0.0,6.941361427307129
0.0,5.2779622077941895
0.0,3.951380729675293
0.0,2.564899444580078
0.0,1.5206971168518066
0.0,1.1599026918411255
0.0,0.013951883651316166
0.0,0.715732991695404
0.0,1.4916954040527344
0.0,1.9349818229675293
0.0,1.9769247770309448
0.0,2.0004475116729736
0.0,2.2919394969940186
0.0,2.9130237102508545
0.0,3.9591257572174072
0.0,4.897714614868164
0.0,5.801191806793213
0.0,7.32405948638916
0.0,8.742546081542969
0.0,10.49755859375
0.0,12.132633209228516
0.0,0.0
0.0,0.0
0.0,0.0
0.0,0.0
0.0,0.0
0.0,0.0
0.0,0.0
0.0,0.0
0.0,0.0
0.0,0.0
0.0,0.0
0.0,0.0
0.0,0.0
0.0,0.0
0.0,0.0
0.0,0.0
0.0,0.0
0.0,0.0
0.0,0.0
0.0,0.0
0.0,0.0
0.0,0.0
0.0,0.0
0.0,0.0
0.0,0.0
0.0,0.0
0.0,0.0
0.0,0.0
0.0,0.0
0.0,12.709712028503418
0.0,11.561718940734863
0.0,10.025178909301758
0.0,7.552020072937012
0.0,4.732983112335205
0.0,2.1569666862487793
0.0,0.9030399322509766
0.0,3.792937755584717
0.0,7.886658191680908
0.0,11.486891746520996
0.0,14.459644317626953
0.0,16.815120697021484
0.0,18.8356990814209
0.0,20.617053985595703
0.0,23.047992706298828
0.0,24.57415199279785
0.0,25.66426658630371
0.0,26.44291877746582
0.0,26.724079132080078
0.0,26.9467716217041
0.0,26.795181274414062
0.0,26.107616424560547
0.0,25.447010040283203
0.0,24.805667877197266
0.0,23.374975204467773
0.0,22.08051300048828
0.0,21.05206298828125
0.0,20.38232421875
0.0,19.878036499023438
0.0,18.066804885864258
0.0,16.632564544677734
0.0,15.814461708068848
0.0,15.435449600219727
0.0,15.073932647705078
0.0,13.296481132507324
0.0,11.925642013549805
0.0,11.011256217956543
0.0,10.498140335083008
0.0,10.29761791229248
0.0,10.385133743286133
0.0,10.794496536254883
0.0,11.086898803710938
0.0,11.295757293701172
0.0,11.509693145751953
0.0,11.76388168334961
0.0,11.471394538879395
0.0,11.298531532287598
0.0,11.009492874145508
0.0,10.702232360839844
0.0,10.482760429382324
0.0,10.220138549804688
0.0,9.903036117553711
0.0,9.345619201660156
0.0,8.616554260253906
0.0,7.894401550292969
0.0,5.1988911628723145
0.0,2.9777960777282715
0.0,1.2875624895095825
0.0,0.22073295712471008
0.0,1.4180986881256104
0.0,2.261239767074585
0.0,4.522544860839844
0.0,5.9382643699646
0.0,7.002950191497803
0.0,7.905772686004639
0.0,8.422689437866211
0.0,10.31828498840332
0.0,11.570025444030762
0.0,12.624836921691895
0.0,0.0
0.0,0.0
0.0,0.0
0.0,0.0
0.0,0.0
0.0,0.0
0.0,0.0
0.0,0.0
0.0,0.0
0.0,0.0
0.0,0.0
0.0,0.0
0.0,0.0
0.0,0.0
0.0,0.0
0.0,0.0
0.0,0.0
0.0,0.0
0.0,0.0
0.0,0.0
0.0,0.0
0.0,0.0
0.0,0.0
0.0,0.0
0.0,0.0
0.0,0.0
0.0,0.0
0.0,0.0
0.0,0.0
0.0,0.0
0.0,0.0
0.0,0.0
0.0,0.0
0.0,0.0
0.0,0.0
0.0,0.0
0.0,11.376884460449219
0.0,8.964553833007812
0.0,6.704622745513916
0.0,6.2890095710754395
0.0,5.346073150634766
0.0,4.1701979637146
0.0,2.6841115951538086
0.0,0.9498573541641235
0.0,1.40990149974823
0.0,1.0841871500015259
0.0,0.3082532584667206
0.0,0.7799738049507141
0.0,2.259931802749634
0.0,3.789095401763916
0.0,5.284064769744873
0.0,6.678835868835449
0.0,8.069258689880371
0.0,9.533077239990234
0.0,10.120566368103027
0.0,10.638459205627441
0.0,11.121819496154785
0.0,11.632575035095215
0.0,11.982218742370605
0.0,12.179924964904785
0.0,11.114130973815918
0.0,10.56331729888916
0.0,10.222545623779297
0.0,9.907247543334961
0.0,9.769865036010742
0.0,8.892114639282227
0.0,8.454282760620117
0.0,8.321399688720703
0.0,8.323312759399414
0.0,8.477746963500977
0.0,7.667020797729492
0.0,7.202649116516113
0.0,6.939174175262451
0.0,6.955140113830566
0.0,7.128400802612305
0.0,6.41260290145874
0.0,6.084115028381348
0.0,5.820512294769287
0.0,5.741676330566406
0.0,5.653436660766602
0.0,5.534073829650879
0.0,4.340424060821533
0.0,3.45459246635437
0.0,3.030447483062744
0.0,2.995166540145874
0.0,3.14752197265625
0.0,3.201887607574463
0.0,3.4705541133880615
0.0,4.164379119873047
0.0,4.781697750091553
0.0,5.232639312744141
0.0,4.677239418029785
0.0,4.294489860534668
0.0,4.019585132598877
0.0,3.845367193222046
0.0,3.73445725440979
0.0,3.6225922107696533
0.0,2.619723320007324
0.0,2.100619077682495
0.0,1.9174914360046387
0.0,1.884576678276062
0.0,2.0236005783081055
0.0,0.3544275164604187
0.0,0.8278391361236572
0.0,1.4424378871917725
0.0,1.590586543083191
0.0,1.609788417816162
0.0,2.3174490928649902
0.0,2.6427297592163086
0.0,2.7597086429595947
0.0,2.707390308380127
0.0,2.968311309814453
0.0,3.3478617668151855
0.0,3.5125246047973633
0.0,3.559080123901367
0.0,3.795267105102539
0.0,4.232383728027344
0.0,5.3154754638671875
0.0,6.419969081878662
0.0,7.43984317779541
0.0,8.37828254699707
0.0,9.177989959716797
0.0,9.837546348571777
0.0,12.622957229614258
0.0,0.0
0.0,0.0
0.0,0.0
0.0,0.0
0.0,0.0
0.0,0.0
0.0,0.0
0.0,0.0
0.0,0.0
0.0,0.0
0.0,0.0
0.0,0.0
0.0,0.0
0.0,0.0
0.0,0.0
0.0,0.0
0.0,0.0
0.0,0.0
0.0,0.0
0.0,0.0
0.0,0.0
0.0,0.0
0.0,0.0
0.0,0.0
0.0,0.0
0.0,0.0
0.0,0.0
0.0,0.0
0.0,0.0
0.0,0.0
0.0,0.0
0.0,0.0
0.0,0.0
0.0,10.327807426452637
0.0,7.687849998474121
0.0,6.082361698150635
0.0,4.670424461364746
0.0,3.241502046585083
0.0,1.7470993995666504
0.0,0.08435652405023575
0.0,1.4833728075027466
0.0,0.6315451860427856
0.0,0.5715288519859314
0.0,1.064071536064148
0.0,1.8466827869415283
0.0,2.955418348312378
0.0,2.5104546546936035
0.0,2.6395046710968018
0.0,3.055882692337036
0.0,3.778707504272461
0.0,4.659244060516357
0.0,4.647071838378906
0.0,4.8997111320495605
0.0,5.196679592132568
0.0,5.483595371246338
0.0,6.012720108032227
0.0,5.537328243255615
0.0,5.140870571136475
0.0,4.707156181335449
0.0,4.4311842918396
0.0,4.452908515930176
0.0,4.686916828155518
0.0,3.656930685043335
0.0,3.159231185913086
0.0,3.0415637493133545
0.0,3.2149784564971924
0.0,3.6158924102783203
0.0,2.197465181350708
0.0,1.5696178674697876
0.0,1.4139846563339233
0.0,1.3028180599212646
0.0,1.414757251739502
0.0,0.7589321732521057
0.0,2.209805488586426
0.0,2.7782108783721924
0.0,2.8520097732543945
0.0,2.865198850631714
0.0,5.020654201507568
0.0,6.317354679107666
0.0,7.173346519470215
0.0,7.595099449157715
0.0,7.524048328399658
0.0,7.242805004119873
0.0,7.737514495849609
0.0,7.9894633293151855
0.0,8.138221740722656
0.0,8.041570663452148
0.0,7.506436824798584
0.0,7.49082612991333
0.0,7.137022018432617
0.0,7.185969352722168
0.0,7.46582555770874
0.0,7.7085113525390625
0.0,9.725879669189453
0.0,10.875631332397461
0.0,11.536518096923828
0.0,11.857260704040527
0.0,12.03827953338623
0.0,0.0
0.0,0.0
0.0,0.0
0.0,0.0
0.0,0.0
0.0,0.0
0.0,0.0
0.0,0.0
0.0,0.0
0.0,0.0
0.0,0.0
0.0,0.0
0.0,0.0
0.0,0.0
0.0,0.0
0.0,0.0
0.0,0.0
0.0,0.0
0.0,0.0
0.0,0.0
0.0,0.0
0.0,0.0
0.0,0.0
0.0,0.0
0.0,0.0
0.0,0.0
0.0,0.0
0.0,0.0
0.0,0.0
0.0,0.0
0.0,0.0
0.0,0.0
0.0,0.0
0.0,0.0
0.0,0.0
0.0,0.0
0.0,0.0
0.0,0.0
0.0,0.0
0.0,0.0
0.0,0.0
0.0,0.0
0.0,11.858187675476074
0.0,10.429459571838379
0.0,9.116021156311035
0.0,7.551133632659912
0.0,5.674937725067139
0.0,5.073995590209961
0.0,3.887472629547119
0.0,2.466339349746704
0.0,0.9137104749679565
0.0,0.7708350419998169
0.0,2.8483662605285645
0.0,3.8078372478485107
0.0,5.051168441772461
0.0,6.665423393249512
0.0,8.359764099121094
0.0,10.130990028381348
0.0,10.944073677062988
0.0,11.842875480651855
0.0,12.636040687561035
0.0,13.502152442932129
0.0,14.439557075500488
0.0,14.403873443603516
0.0,14.715641021728516
0.0,15.3139009475708
0.0,16.11721420288086
0.0,17.105449676513672
0.0,17.042173385620117
0.0,17.224924087524414
0.0,17.731645584106445
0.0,18.618602752685547
0.0,19.79705047607422
184.16587829589844,20.829679489135742
0.0,21.3156681060791
0.0,21.648717880249023
0.0,21.872194290161133
0.0,22.333086013793945
0.0,22.81526756286621
0.0,21.836668014526367
0.0,21.30974006652832
0.0,21.105424880981445
0.0,21.150651931762695
0.0,21.08160400390625
0.0,19.074377059936523
0.0,17.703386306762695
0.0,16.914213180541992
0.0,16.540616989135742
0.0,16.5208740234375
0.0,15.234335899353027
0.0,14.600469589233398
0.0,14.284294128417969
0.0,14.19627857208252
0.0,14.64481258392334
0.0,15.285993576049805
0.0,14.448202133178711
0.0,14.868371963500977
0.0,15.478023529052734
0.0,16.237518310546875
184.16580200195312,16.914743423461914
187.57603454589844,16.914276123046875
0.0,17.33169174194336
0.0,17.569461822509766
0.0,17.845674514770508
0.0,18.2198486328125
0.0,18.136842727661133
0.0,18.549272537231445
0.0,19.14341926574707
0.0,19.719457626342773
0.0,20.268970489501953
0.0,20.360414505004883
0.0,20.492965698242188
0.0,20.687265396118164
0.0,21.061614990234375
0.0,21.55767059326172
0.0,20.334266662597656
0.0,19.4732608795166
0.0,18.843332290649414
0.0,18.41606330871582
0.0,18.36583137512207
0.0,18.22429084777832
0.0,17.272178649902344
0.0,16.736175537109375
0.0,16.468664169311523
0.0,16.765846252441406
0.0,16.859071731567383
0.0,16.201902389526367
0.0,15.715204238891602
0.0,15.34997844696045
0.0,15.249499320983887
0.0,15.149550437927246
0.0,14.358518600463867
0.0,13.981196403503418
0.0,14.097265243530273
0.0,14.357016563415527
0.0,14.569818496704102
0.0,15.081636428833008
0.0,14.249617576599121
0.0,13.755555152893066
0.0,13.496781349182129
0.0,13.244745254516602
0.0,13.066351890563965
0.0,12.68635082244873
0.0,12.62165355682373
0.0,12.620007514953613
0.0,12.89493465423584
0.0,13.335511207580566
0.0,13.446880340576172
0.0,13.382315635681152
0.0,13.368260383605957
0.0,13.502725601196289
0.0,13.56600284576416
0.0,13.064065933227539
0.0,12.995695114135742
0.0,13.026402473449707
0.0,13.123164176940918
0.0,13.304534912109375
0.0,13.304459571838379
0.0,13.430611610412598
0.0,13.468149185180664
0.0,13.639754295349121
0.0,13.67204761505127
0.0,13.821131706237793
0.0,12.523696899414062
0.0,11.631051063537598
0.0,11.214676856994629
0.0,10.920480728149414
0.0,10.803672790527344
0.0,10.425950050354004
0.0,10.492645263671875
0.0,10.914649963378906
0.0,11.240039825439453
0.0,11.50946044921875
0.0,11.421101570129395
0.0,11.507678985595703
0.0,11.66308879852295
0.0,11.830243110656738
0.0,12.210165023803711
0.0,11.56110668182373
0.0,11.321690559387207
0.0,11.226743698120117
0.0,11.104410171508789
0.0,11.222551345825195
0.0,11.905123710632324
0.0,11.620773315429688
0.0,11.418931007385254
0.0,11.59510326385498
0.0,11.890453338623047
0.0,12.214447975158691
0.0,12.7151517868042
0.0,13.411361694335938
0.0,14.05941390991211
0.0,14.31560230255127
0.0,14.518325805664062
0.0,14.501059532165527
0.0,14.60098648071289
0.0,14.596613883972168
0.0,14.329435348510742
0.0,14.083124160766602
0.0,13.358255386352539
0.0,12.915696144104004
0.0,12.504111289978027
0.0,12.324604034423828
0.0,12.100634574890137
0.0,11.88402271270752
0.0,11.51535415649414
0.0,11.195101737976074
0.0,10.909210205078125
0.0,10.647638320922852
0.0,10.384546279907227
0.0,10.718597412109375
0.0,10.971983909606934
0.0,11.190394401550293
0.0,11.40253734588623
0.0,11.78217887878418
0.0,12.202320098876953
0.0,12.200484275817871
0.0,12.01193618774414
0.0,11.819253921508789
0.0,11.625407218933105
0.0,12.406607627868652
0.0,11.756114959716797
0.0,11.119248390197754
0.0,10.705013275146484
0.0,10.885058403015137
0.0,11.236151695251465
0.0,11.298181533813477
0.0,11.110023498535156
0.0,10.978687286376953
0.0,11.267836570739746
0.0,11.391648292541504
0.0,10.786797523498535
0.0,10.603209495544434
0.0,10.46776008605957
0.0,10.389805793762207
0.0,10.409309387207031
0.0,9.8868989944458
0.0,9.837797164916992
0.0,9.929581642150879
0.0,9.953019142150879
0.0,9.988678932189941
0.0,8.865287780761719
0.0,8.336852073669434
0.0,7.834706783294678
0.0,7.052977561950684
0.0,6.740655899047852
0.0,6.474085807800293
0.0,5.215761661529541
0.0,4.36689567565918
0.0,4.031822681427002
0.0,4.055586814880371
0.0,4.33579158782959
0.0,3.4157581329345703
0.0,2.9279513359069824
0.0,2.748931884765625
0.0,2.771698474884033
0.0,3.1914188861846924
0.0,2.4063427448272705
0.0,1.8266243934631348
0.0,1.6691571474075317
0.0,1.6050291061401367
0.0,1.910214900970459
0.0,2.691851854324341
0.0,3.5418365001678467
0.0,4.2533793449401855
0.0,4.857738971710205
0.0,5.14826774597168
0.0,5.40529727935791
0.0,3.7343835830688477
0.0,2.435716152191162
0.0,1.3972735404968262
0.0,0.5445886850357056
0.0,0.13709384202957153
0.0,1.3101131916046143
0.0,2.1325716972351074
0.0,2.4370546340942383
0.0,2.314720392227173
0.0,1.8494497537612915
0.0,1.5149991512298584
0.0,0.9733182191848755
0.0,0.34022849798202515
0.0,0.136762797832489
0.0,0.6821073889732361
0.0,0.14787650108337402
0.0,0.6080844402313232
0.0,0.8420374989509583
0.0,0.7110916972160339
0.0,0.444418728351593
0.0,2.506836414337158
0.0,3.9179084300994873
0.0,4.8257598876953125
0.0,5.1699957847595215
0.0,5.259754657745361
0.0,5.373154640197754
0.0,7.243991851806641
0.0,8.364609718322754
0.0,8.596238136291504
0.0,8.329594612121582
0.0,7.856200218200684
0.0,8.373101234436035
0.0,8.30952262878418
0.0,7.830534934997559
0.0,7.432328701019287
0.0,6.761643409729004
0.0,7.142726421356201
0.0,7.2792863845825195
0.0,7.217609405517578
0.0,6.5944061279296875
0.0,5.865927696228027
0.0,5.095705509185791
0.0,3.7860677242279053
0.0,2.450856924057007
0.0,1.558470606803894
0.0,1.3590340614318848
0.0,0.7608294486999512
0.0,0.3171575367450714
0.0,0.05755651742219925
0.0,0.1516948789358139
0.0,0.10744164139032364
0.0,0.0026744664646685123
0.0,0.06295445561408997
0.0,0.2692238688468933
0.0,0.4704947769641876
0.0,0.6684063673019409
0.0,0.8833186626434326
0.0,0.6349550485610962
0.0,0.5937597751617432
0.0,0.5022287964820862
0.0,0.223854199051857
0.0,0.06794919073581696
0.0,0.043411534279584885
0.0,0.14715375006198883
0.0,0.42045557498931885
0.0,0.6584979295730591
0.0,0.9554511904716492
0.0,1.3373104333877563
0.0,1.1951202154159546
0.0,1.7967817783355713
0.0,2.464974880218506
0.0,3.1118927001953125
0.0,3.7436134815216064
0.0,4.563040733337402
0.0,4.891854763031006
0.0,4.957307815551758
0.0,4.8346452713012695
0.0,4.771481990814209
0.0,4.864826202392578
0.0,5.101019859313965
0.0,4.994235515594482
0.0,4.729330062866211
0.0,4.351439952850342
0.0,4.226166248321533
0.0,3.5220859050750732
0.0,2.4921462535858154
0.0,1.8494858741760254
0.0,2.0107369422912598
0.0,1.9367486238479614
0.0,2.1375186443328857
0.0,2.2676339149475098
0.0,2.302861452102661
0.0,2.2895426750183105
0.0,1.8145283460617065
0.0,2.6465837955474854
0.0,2.9887773990631104
0.0,2.8129730224609375
0.0,2.2544188499450684
0.0,1.3636643886566162
0.0,0.4294172525405884
0.0,0.23388642072677612
0.0,0.49556267261505127
0.0,1.5683567523956299
0.0,2.4573733806610107
0.0,3.3285624980926514
0.0,3.1507959365844727
0.0,3.201158046722412
0.0,3.3948514461517334
0.0,3.7107338905334473
0.0,4.369777202606201
0.0,4.323596000671387
0.0,4.271740913391113
0.0,4.264124870300293
0.0,4.524712562561035
0.0,4.948256492614746
0.0,4.875782489776611
0.0,4.804266452789307
0.0,5.198614597320557
0.0,5.60962438583374
0.0,6.081821441650391
0.0,4.183527946472168
0.0,3.4858808517456055
0.0,3.4079604148864746
0.0,3.825880765914917
0.0,4.699474811553955
0.0,4.0891923904418945
0.0,4.142590522766113
0.0,4.772627353668213
0.0,5.856813430786133
0.0,6.663777828216553
0.0,7.413963317871094
0.0,6.737767219543457
0.0,6.474843502044678
0.0,6.689449310302734
0.0,7.352060317993164
0.0,7.139328956604004
0.0,5.003870010375977
0.0,3.655177354812622
0.0,3.2801077365875244
0.0,3.5261168479919434
0.0,4.504088878631592
0.0,2.6988561153411865
0.0,1.9449436664581299
0.0,1.9432998895645142
0.0,2.253005266189575
0.0,2.9091978073120117
0.0,2.818237543106079
0.0,3.5010571479797363
0.0,4.655664443969727
0.0,5.898573398590088
0.0,7.246754169464111
0.0,8.749716758728027
0.0,9.96860122680664
0.0,11.384209632873535
0.0,12.291023254394531
0.0,13.126664161682129
0.0,14.060500144958496
0.0,15.025458335876465
0.0,15.819994926452637
0.0,15.230001449584961
0.0,14.141423225402832
0.0,12.96535873413086
0.0,12.098097801208496
0.0,11.228877067565918
0.0,10.631120681762695
0.0,10.224159240722656
0.0,9.805559158325195
0.0,10.65025520324707
0.0,11.209888458251953
0.0,11.332599639892578
0.0,11.145126342773438
0.0,10.629937171936035
0.0,9.62897777557373
0.0,8.75928783416748
0.0,7.763958930969238
0.0,6.717103958129883
0.0,5.675234794616699
0.0,4.784568786621094
0.0,4.338013172149658
0.0,4.061229705810547
0.0,4.053924560546875
0.0,3.794677734375
0.0,3.312478542327881
0.0,3.463383436203003
0.0,1.6339691877365112
0.0,0.053549252450466156
0.0,1.1797757148742676
0.0,2.1684086322784424
0.0,3.8319244384765625
0.0,4.892936706542969
0.0,5.609797477722168
0.0,6.763298034667969
0.0,7.756716728210449
0.0,8.639618873596191
0.0,8.69894790649414
0.0,8.36329174041748
0.0,8.17370891571045
0.0,7.31342887878418
0.0,6.8561177253723145
0.0,5.736838340759277
0.0,5.217135429382324
0.0,4.697972297668457
0.0,4.265310764312744
0.0,3.8737943172454834
0.0,4.459095478057861
0.0,5.219626426696777
0.0,5.824396133422852
0.0,6.169483184814453
0.0,6.3954243659973145
0.0,7.455822467803955
0.0,8.576024055480957
0.0,9.221418380737305
0.0,9.600430488586426
0.0,9.358850479125977
0.0,9.515151977539062
0.0,11.204404830932617
0.0,12.093016624450684
0.0,12.499144554138184
0.0,12.734667778015137
0.0,12.481119155883789
0.0,0.0
0.0,0.0
0.0,0.0
0.0,0.0
0.0,0.0
0.0,0.0
0.0,0.0
0.0,0.0
0.0,0.0
0.0,0.0
0.0,0.0
0.0,0.0
0.0,0.0
0.0,0.0
0.0,0.0
0.0,0.0
0.0,0.0
0.0,0.0
0.0,0.0
0.0,0.0
0.0,0.0
0.0,0.0
0.0,0.0
0.0,0.0
0.0,0.0
0.0,0.0
0.0,0.0
0.0,0.0
0.0,0.0
0.0,0.0
0.0,0.0
0.0,0.0
0.0,0.0
0.0,0.0
0.0,0.0
0.0,0.0
0.0,0.0
0.0,0.0
0.0,0.0
0.0,0.0
0.0,0.0
0.0,10.983953475952148
0.0,9.531234741210938
0.0,8.514853477478027
0.0,7.691722869873047
0.0,7.27782678604126
0.0,6.848499774932861
0.0,7.0833964347839355
0.0,6.7212934494018555
0.0,6.573919773101807
0.0,6.438167572021484
0.0,6.038520336151123
0.0,5.099491596221924
0.0,4.193011283874512
0.0,3.6859092712402344
0.0,3.132084608078003
0.0,2.3970541954040527
0.0,1.9310986995697021
0.0,1.9781137704849243
0.0,1.9303581714630127
0.0,1.9183509349822998
0.0,2.160849094390869
0.0,1.728446125984192
0.0,2.343515396118164
0.0,2.8431649208068848
0.0,3.40692400932312
0.0,3.660734176635742
0.0,4.004792213439941
0.0,5.193172931671143
0.0,6.519988536834717
0.0,7.8631672859191895
0.0,9.240641593933105
0.0,10.183097839355469
0.0,11.490194320678711
0.0,12.426329612731934
0.0,0.0
0.0,0.0
0.0,0.0
0.0,0.0
0.0,0.0
0.0,0.0
0.0,0.0
0.0,0.0
0.0,0.0
0.0,0.0
0.0,0.0
0.0,0.0
0.0,0.0
0.0,0.0
0.0,0.0
0.0,0.0
0.0,0.0
0.0,0.0
0.0,0.0
0.0,0.0
0.0,0.0
0.0,0.0
0.0,0.0
0.0,0.0
0.0,0.0
0.0,0.0
0.0,0.0
0.0,0.0
0.0,0.0
0.0,0.0
0.0,0.0
0.0,0.0
0.0,0.0
0.0,0.0
0.0,0.0
0.0,0.0
0.0,0.0
0.0,0.0
0.0,0.0
0.0,0.0
0.0,12.496024131774902
0.0,10.597137451171875
0.0,8.513324737548828
0.0,6.440430641174316
0.0,4.015450477600098
0.0,1.798692226409912
0.0,0.22870847582817078
0.0,2.2904303073883057
0.0,4.355084419250488
0.0,6.085008144378662
0.0,7.722300052642822
0.0,9.514175415039062
0.0,11.17407512664795
0.0,12.546518325805664
0.0,13.343570709228516
0.0,12.749874114990234
0.0,13.695694923400879
0.0,13.286754608154297
0.0,13.135870933532715
0.0,13.314927101135254
0.0,13.462325096130371
0.0,14.70555305480957
0.0,15.976897239685059
0.0,15.25377368927002
0.0,14.131827354431152
0.0,12.877466201782227
0.0,11.049086570739746
0.0,9.265874862670898
0.0,8.088716506958008
0.0,7.247889041900635
0.0,7.006009578704834
0.0,7.0482497215271
0.0,6.829799652099609
0.0,6.482443809509277
0.0,5.875428676605225
0.0,5.274228572845459
0.0,4.533104419708252
0.0,2.6940267086029053
0.0,1.07106351852417
0.0,0.23118360340595245
0.0,1.304408311843872
0.0,2.1439974308013916
0.0,2.390532970428467
0.0,2.7370448112487793
0.0,2.965425968170166
0.0,2.728820562362671
0.0,2.5415635108947754
0.0,3.8258163928985596
0.0,4.983260154724121
0.0,5.763838291168213
0.0,6.585111618041992
0.0,7.57938814163208
0.0,8.629382133483887
0.0,7.444712162017822
0.0,6.472412586212158
0.0,5.777650833129883
0.0,5.157984733581543
0.0,4.638060092926025
0.0,4.951265335083008
0.0,7.580531597137451
0.0,10.129386901855469
0.0,12.196403503417969
0.0,0.0
0.0,0.0
0.0,0.0
0.0,0.0
0.0,0.0
0.0,0.0
0.0,0.0
0.0,0.0
0.0,0.0
0.0,0.0
0.0,0.0
0.0,0.0
0.0,0.0
0.0,0.0
0.0,0.0
0.0,0.0
0.0,0.0
0.0,0.0
0.0,0.0
0.0,0.0
0.0,0.0
0.0,0.0
0.0,0.0
0.0,0.0
0.0,0.0
0.0,0.0
0.0,12.757128715515137
0.0,11.259905815124512
0.0,9.528776168823242
0.0,8.236310005187988
0.0,6.021185398101807
0.0,3.977003574371338
0.0,1.7306766510009766
0.0,0.4208528697490692
0.0,2.034764289855957
0.0,3.42136287689209
0.0,4.881893634796143
0.0,6.306031227111816
0.0,8.876812934875488
0.0,9.066960334777832
0.0,8.864767074584961
0.0,8.947887420654297
0.0,9.104392051696777
0.0,9.451237678527832
0.0,9.627596855163574
0.0,9.626596450805664
0.0,9.568556785583496
0.0,9.568527221679688
0.0,8.192934036254883
0.0,7.083559513092041
0.0,6.132086277008057
0.0,5.349597454071045
0.0,4.521207809448242
0.0,3.6181366443634033
0.0,2.853863000869751
0.0,2.3469278812408447
0.0,2.1197702884674072
0.0,2.052279233932495
0.0,2.0193777084350586
0.0,1.721321940422058
0.0,1.4594571590423584
0.0,1.255802035331726
0.0,1.1011741161346436
0.0,0.8706071376800537
0.0,0.3427935242652893
0.0,1.3288483619689941
0.0,2.2092926502227783
0.0,3.0207808017730713
0.0,3.6037368774414062
0.0,4.604990482330322
0.0,5.001981735229492
0.0,5.110885143280029
0.0,5.019033432006836
0.0,4.7571892738342285
0.0,5.886544704437256
0.0,6.741744518280029
0.0,7.569458961486816
0.0,8.401007652282715
0.0,9.084877014160156
0.0,9.616865158081055
0.0,11.825236320495605
0.0,0.0
0.0,0.0
0.0,0.0
0.0,0.0
0.0,0.0
0.0,0.0
0.0,0.0
0.0,0.0
0.0,0.0
0.0,0.0
0.0,0.0
0.0,0.0
0.0,0.0
0.0,0.0
0.0,0.0
0.0,0.0
0.0,0.0
0.0,0.0
0.0,0.0
0.0,0.0
0.0,0.0
0.0,0.0
0.0,0.0
0.0,0.0
0.0,0.0
0.0,0.0
0.0,0.0
0.0,0.0
0.0,0.0
0.0,0.0
0.0,0.0
0.0,0.0
0.0,0.0
0.0,0.0
0.0,0.0
0.0,0.0
0.0,0.0
0.0,0.0
0.0,0.0
0.0,0.0
0.0,0.0
0.0,0.0
0.0,12.438942909240723
0.0,11.115257263183594
0.0,9.459883689880371
0.0,7.7008466720581055
0.0,6.7752685546875
0.0,5.777272701263428
0.0,4.54603385925293
0.0,3.1170475482940674
0.0,1.6121200323104858
0.0,1.091802716255188
0.0,0.3817926049232483
0.0,0.3777100741863251
0.0,1.1941728591918945
0.0,2.072963237762451
0.0,2.9750113487243652
0.0,3.097668170928955
0.0,3.5021135807037354
0.0,4.086551666259766
0.0,4.902653217315674
0.0,5.867079734802246
0.0,5.394010543823242
0.0,5.2261810302734375
0.0,5.192490577697754
0.0,5.276121139526367
0.0,5.5080695152282715
0.0,5.13148832321167
0.0,5.138514041900635
0.0,5.3986430168151855
0.0,5.756357669830322
0.0,6.226574420928955
0.0,5.107388496398926
0.0,4.374494552612305
0.0,3.9195713996887207
0.0,3.7015886306762695
0.0,3.6328465938568115
0.0,1.893051266670227
0.0,1.0539391040802002
0.0,1.0388190746307373
0.0,1.5280773639678955
0.0,2.5122859477996826
0.0,1.7712126970291138
0.0,1.652905821800232
0.0,1.6521531343460083
0.0,1.5798405408859253
0.0,1.7353416681289673
0.0,1.9923309087753296
0.0,0.6903594136238098
0.0,0.02317872829735279
0.0,0.2676597833633423
386.4859619140625,0.21370594203472137
383.075439453125,13.854780197143555
383.075439453125,21.720413208007812
386.4859313964844,27.622303009033203
389.89642333984375,32.242069244384766
386.4859313964844,35.83030319213867
383.075439453125,38.41681671142578
372.8439636230469,38.439292907714844
355.79180908203125,37.966766357421875
355.79180908203125,36.81930160522461
325.0979919433594,35.11227035522461
311.4560241699219,33.22026824951172
297.8143310546875,31.327247619628906
294.40386962890625,27.64429473876953
294.40386962890625,25.016149520874023
287.5828857421875,23.170490264892578
280.7621765136719,21.93518829345703
253.4785614013672,20.92689323425293
246.65757751464844,18.355440139770508
236.42640686035156,16.465238571166992
236.42640686035156,15.055923461914062
222.78443908691406,13.767563819885254
215.9637451171875,12.766955375671387
188.6801300048828,9.846232414245605
0.0,7.451789855957031
0.0,5.565547943115234
0.0,4.2188920974731445
0.0,3.159189224243164
0.0,0.2883330285549164
0.0,2.9005706310272217
497.1041259765625,4.881577491760254
483.46246337890625,12.691516876220703
469.8207702636719,25.171913146972656
456.1788024902344,32.130950927734375
439.1266784667969,36.88541030883789
422.07452392578125,39.983436584472656
411.8430480957031,41.976924896240234
401.6118469238281,43.21955490112305
387.96990966796875,43.693546295166016
374.3282470703125,40.80087661743164
360.68658447265625,38.1174201965332
347.04461669921875,35.60063552856445
329.9924621582031,33.096092224121094
309.5298156738281,30.595239639282227
295.88787841796875,26.241973876953125
282.2462158203125,22.878570556640625
268.60455322265625,20.318927764892578
251.55238342285156,18.26845359802246
234.4999542236328,16.591121673583984
217.4477996826172,13.626751899719238
196.98516845703125,11.160700798034668
0.0,8.96200942993164
0.0,6.897418022155762
0.0,5.066707134246826
0.0,1.8153679370880127
469.27899169921875,0.8828091025352478
452.226806640625,14.997076034545898
431.7641906738281,25.89479637145996
418.1225280761719,33.524574279785156
407.89105224609375,39.00371551513672
397.6597595214844,40.37255096435547
387.4284362792969,41.22903060913086
380.6074523925781,41.7482795715332
366.9657897949219,41.659141540527344
353.323974609375,41.01130676269531
336.2718200683594,35.0797233581543
319.2195129394531,30.2022762298584
302.1673889160156,26.133209228515625
285.1150817871094,22.75249481201172
271.4732971191406,20.13764762878418
251.0106658935547,17.252748489379883
230.5480194091797,14.88135814666748
210.08538818359375,12.946395874023438
189.6227569580078,11.322606086730957
0.0,9.90679931640625
0.0,8.218721389770508
0.0,6.948842525482178
0.0,5.6161417961120605
0.0,4.2782440185546875
0.0,2.8814427852630615
0.0,1.5330519676208496
0.0,0.23332971334457397
0.0,0.8852441906929016
0.0,2.18760347366333
0.0,3.4838459491729736
0.0,4.764182090759277
0.0,6.648799419403076
0.0,8.07257080078125
0.0,9.305713653564453
0.0,10.444061279296875
309.53497314453125,11.36526107788086
302.7139892578125,5.301512718200684
295.8931579589844,17.061803817749023
289.07232666015625,25.292491912841797
289.07232666015625,31.295419692993164
289.07232666015625,35.665809631347656
285.66180419921875,39.016788482666016
285.66180419921875,41.41856384277344
278.84100341796875,42.7802848815918
272.02001953125,43.345367431640625
268.6095275878906,43.49502944946289
265.1991882324219,43.351871490478516
254.96786499023438,43.12458801269531
244.73655700683594,42.432411193847656
237.91558837890625,41.56120300292969
231.09475708007812,40.58978271484375
227.68426513671875,39.68817901611328
224.27392578125,39.317909240722656
220.86343383789062,38.849666595458984
214.04246520996094,38.14760208129883
200.40081787109375,36.94573211669922
196.9903106689453,35.78858184814453
0.0,34.46029281616211
0.0,33.04916000366211
0.0,31.776878356933594
0.0,30.469507217407227
0.0,29.283098220825195
0.0,28.26700782775879
0.0,27.036334991455078
0.0,25.769607543945312
489.8236083984375,24.34328842163086
483.0027770996094,40.7813835144043
472.77130126953125,52.02348709106445
469.3609619140625,60.158180236816406
459.129638671875,65.48617553710938
455.71917724609375,69.01212310791016
452.30865478515625,71.25489807128906
445.4878234863281,72.38822174072266
435.25653076171875,73.14672088623047
428.4356994628906,73.0776138305664
418.2042541503906,72.28890228271484
411.3834228515625,71.08731079101562
404.56256103515625,69.6222915649414
397.7416076660156,68.07453155517578
390.9207763671875,66.45895385742188
380.6894836425781,64.68000793457031
373.86865234375,62.9650764465332
363.6371765136719,61.18935012817383
356.81634521484375,59.285858154296875
349.99554443359375,57.54467010498047
343.174560546875,55.90971374511719
339.76422119140625,54.48745346069336
336.3537292480469,53.256202697753906
329.53289794921875,51.97736358642578
322.7119445800781,50.71434020996094
315.89111328125,49.482643127441406
305.6597900390625,48.13704299926758
298.83880615234375,46.837528228759766
288.6075134277344,45.45302200317383
278.3761901855469,43.99977493286133
268.1448974609375,42.49592971801758
257.91357421875,40.945987701416016
251.09275817871094,39.518821716308594
240.8614501953125,38.070228576660156
234.0404815673828,36.14768600463867
593.9955444335938,34.658935546875
587.174560546875,51.45824432373047
580.3536987304688,63.18510055541992
570.1224365234375,71.18741607666016
559.89111328125,76.70536041259766
553.0701293945312,80.32574462890625
546.249267578125,82.5627670288086
539.428466796875,83.76646423339844
529.197021484375,84.02230834960938
512.1448974609375,83.24681091308594
491.6822814941406,81.36017608642578
467.8091735839844,78.64170837402344
450.75701904296875,75.62639617919922
437.115234375,72.61778259277344
416.6526184082031,69.4138412475586
396.1900329589844,65.80408477783203
372.3169250488281,62.13194274902344
355.2646484375,58.7264289855957
341.62298583984375,55.69595718383789
331.3916931152344,53.12498474121094
314.33941650390625,50.717254638671875
304.10809326171875,48.53841018676758
290.46630859375,46.403533935546875
273.4141845703125,44.113826751708984
259.77239990234375,41.86321258544922
246.1306915283203,39.23550796508789
232.48890686035156,36.77747344970703
222.25759887695312,34.59232711791992
208.61581420898438,32.48484420776367
198.38450622558594,30.589536666870117
191.56369018554688,28.477827072143555
